{"state":{"isStdErrTTY":true,"testRunDurationMs":30393.772,"isStdOutTTY":true},"metrics":{"http_req_connecting":{"values":{"p(95)":202.8914,"avg":10.7257723156533,"min":0,"med":0,"max":213.494,"p(90)":0},"type":"trend","contains":"time"},"http_req_failed":{"type":"rate","contains":"default","values":{"rate":0,"passes":0,"fails":773},"thresholds":{"rate<0.02":{"ok":true}}},"http_req_waiting":{"type":"trend","contains":"time","values":{"med":208.367,"max":4211.683,"p(90)":213.55180000000001,"p(95)":217.9298,"avg":292.96587192755544,"min":203.17}},"data_sent":{"contains":"data","values":{"count":361686,"rate":11900.003724447233},"type":"counter"},"http_reqs":{"type":"counter","contains":"default","values":{"count":773,"rate":25.432841965123647}},"iterations":{"type":"counter","contains":"default","values":{"rate":25.432841965123647,"count":773}},"http_req_sending":{"type":"trend","contains":"time","values":{"p(90)":0.064,"p(95)":0.07639999999999997,"avg":0.0438033635187581,"min":0.008,"med":0.041,"max":0.317}},"http_req_duration":{"type":"trend","contains":"time","values":{"max":4211.905,"p(90)":213.75740000000002,"p(95)":218.18439999999998,"avg":293.1251358344113,"min":203.284,"med":208.523},"thresholds":{"p(95)<600":{"ok":true}}},"http_req_duration{expected_response:true}":{"type":"trend","contains":"time","values":{"p(90)":213.75740000000002,"p(95)":218.18439999999998,"avg":293.1251358344113,"min":203.284,"med":208.523,"max":4211.905}},"http_req_tls_handshaking":{"values":{"avg":21.809263906856412,"min":0,"med":0,"max":433.981,"p(90)":0,"p(95)":411.114},"type":"trend","contains":"time"},"checks":{"type":"rate","contains":"default","values":{"rate":1,"passes":1546,"fails":0}},"data_received":{"type":"counter","contains":"data","values":{"count":933167,"rate":30702.572882365508}},"http_req_blocked":{"values":{"min":0.002,"med":0.008,"max":669.509,"p(90)":0.014,"p(95)":615.3697999999999,"avg":32.610320827943134},"type":"trend","contains":"time"},"iteration_duration":{"contains":"time","values":{"avg":1326.9294957930128,"min":1204.297125,"med":1209.69825,"max":5879.784792,"p(90)":1215.2847336,"p(95)":1821.7065089999999},"type":"trend"},"vus":{"type":"gauge","contains":"default","values":{"value":6,"min":6,"max":40}},"vus_max":{"type":"gauge","contains":"default","values":{"value":40,"min":40,"max":40}},"http_req_receiving":{"values":{"avg":0.11546054333764534,"min":0.022,"med":0.102,"max":6.091,"p(90)":0.16480000000000003,"p(95)":0.18739999999999996},"type":"trend","contains":"time"}},"root_group":{"groups":[],"checks":[{"name":"is status 200","path":"::is status 200","id":"548d37ca5f33793206f7832e7cea54fb","passes":773,"fails":0},{"fails":0,"name":"has bookingid","path":"::has bookingid","id":"061b7ff03d9ab89fffb9760642cd21be","passes":773}],"name":"","path":"","id":"d41d8cd98f00b204e9800998ecf8427e"},"options":{"summaryTrendStats":["avg","min","med","max","p(90)","p(95)"],"summaryTimeUnit":"","noColor":false}}